{
    "name": "root",
    "gauges": {
        "MyBehavior.Policy.Entropy.mean": {
            "value": 1.413612723350525,
            "min": 1.413612723350525,
            "max": 1.413612723350525,
            "count": 1
        },
        "MyBehavior.Policy.Entropy.sum": {
            "value": 72060.3203125,
            "min": 72060.3203125,
            "max": 72060.3203125,
            "count": 1
        },
        "MyBehavior.Environment.EpisodeLength.mean": {
            "value": 76.47678018575851,
            "min": 76.47678018575851,
            "max": 76.47678018575851,
            "count": 1
        },
        "MyBehavior.Environment.EpisodeLength.sum": {
            "value": 49404.0,
            "min": 49404.0,
            "max": 49404.0,
            "count": 1
        },
        "MyBehavior.Step.mean": {
            "value": 49988.0,
            "min": 49988.0,
            "max": 49988.0,
            "count": 1
        },
        "MyBehavior.Step.sum": {
            "value": 49988.0,
            "min": 49988.0,
            "max": 49988.0,
            "count": 1
        },
        "MyBehavior.Policy.ExtrinsicValueEstimate.mean": {
            "value": -0.9734605550765991,
            "min": -0.9734605550765991,
            "max": -0.9734605550765991,
            "count": 1
        },
        "MyBehavior.Policy.ExtrinsicValueEstimate.sum": {
            "value": -793.370361328125,
            "min": -793.370361328125,
            "max": -793.370361328125,
            "count": 1
        },
        "MyBehavior.Policy.CuriosityValueEstimate.mean": {
            "value": -0.11177155375480652,
            "min": -0.11177155375480652,
            "max": -0.11177155375480652,
            "count": 1
        },
        "MyBehavior.Policy.CuriosityValueEstimate.sum": {
            "value": -91.09381866455078,
            "min": -91.09381866455078,
            "max": -91.09381866455078,
            "count": 1
        },
        "MyBehavior.Environment.CumulativeReward.mean": {
            "value": -24.744897912574462,
            "min": -24.744897912574462,
            "max": -24.744897912574462,
            "count": 1
        },
        "MyBehavior.Environment.CumulativeReward.sum": {
            "value": -15960.459153610529,
            "min": -15960.459153610529,
            "max": -15960.459153610529,
            "count": 1
        },
        "MyBehavior.Policy.ExtrinsicReward.mean": {
            "value": -24.744897912574462,
            "min": -24.744897912574462,
            "max": -24.744897912574462,
            "count": 1
        },
        "MyBehavior.Policy.ExtrinsicReward.sum": {
            "value": -15960.459153610529,
            "min": -15960.459153610529,
            "max": -15960.459153610529,
            "count": 1
        },
        "MyBehavior.Policy.CuriosityReward.mean": {
            "value": 0.27376072110189487,
            "min": 0.27376072110189487,
            "max": 0.27376072110189487,
            "count": 1
        },
        "MyBehavior.Policy.CuriosityReward.sum": {
            "value": 176.57566511072218,
            "min": 176.57566511072218,
            "max": 176.57566511072218,
            "count": 1
        },
        "MyBehavior.Losses.PolicyLoss.mean": {
            "value": 0.023801715341202605,
            "min": 0.023801715341202605,
            "max": 0.023801715341202605,
            "count": 1
        },
        "MyBehavior.Losses.PolicyLoss.sum": {
            "value": 0.023801715341202605,
            "min": 0.023801715341202605,
            "max": 0.023801715341202605,
            "count": 1
        },
        "MyBehavior.Losses.ValueLoss.mean": {
            "value": 23.335699101289112,
            "min": 23.335699101289112,
            "max": 23.335699101289112,
            "count": 1
        },
        "MyBehavior.Losses.ValueLoss.sum": {
            "value": 23.335699101289112,
            "min": 23.335699101289112,
            "max": 23.335699101289112,
            "count": 1
        },
        "MyBehavior.Policy.LearningRate.mean": {
            "value": 0.0002983587505470833,
            "min": 0.0002983587505470833,
            "max": 0.0002983587505470833,
            "count": 1
        },
        "MyBehavior.Policy.LearningRate.sum": {
            "value": 0.0002983587505470833,
            "min": 0.0002983587505470833,
            "max": 0.0002983587505470833,
            "count": 1
        },
        "MyBehavior.Policy.Epsilon.mean": {
            "value": 0.19945291666666667,
            "min": 0.19945291666666667,
            "max": 0.19945291666666667,
            "count": 1
        },
        "MyBehavior.Policy.Epsilon.sum": {
            "value": 0.19945291666666667,
            "min": 0.19945291666666667,
            "max": 0.19945291666666667,
            "count": 1
        },
        "MyBehavior.Policy.Beta.mean": {
            "value": 0.004972700541666667,
            "min": 0.004972700541666667,
            "max": 0.004972700541666667,
            "count": 1
        },
        "MyBehavior.Policy.Beta.sum": {
            "value": 0.004972700541666667,
            "min": 0.004972700541666667,
            "max": 0.004972700541666667,
            "count": 1
        },
        "MyBehavior.Losses.CuriosityForwardLoss.mean": {
            "value": 0.10327211305654298,
            "min": 0.10327211305654298,
            "max": 0.10327211305654298,
            "count": 1
        },
        "MyBehavior.Losses.CuriosityForwardLoss.sum": {
            "value": 0.10327211305654298,
            "min": 0.10327211305654298,
            "max": 0.10327211305654298,
            "count": 1
        },
        "MyBehavior.Losses.CuriosityInverseLoss.mean": {
            "value": 1.9970454797148705,
            "min": 1.9970454797148705,
            "max": 1.9970454797148705,
            "count": 1
        },
        "MyBehavior.Losses.CuriosityInverseLoss.sum": {
            "value": 1.9970454797148705,
            "min": 1.9970454797148705,
            "max": 1.9970454797148705,
            "count": 1
        },
        "MyBehavior.IsTraining.mean": {
            "value": 1.0,
            "min": 1.0,
            "max": 1.0,
            "count": 1
        },
        "MyBehavior.IsTraining.sum": {
            "value": 1.0,
            "min": 1.0,
            "max": 1.0,
            "count": 1
        }
    },
    "metadata": {
        "timer_format_version": "0.1.0",
        "start_time_seconds": "1669206944",
        "python_version": "3.7.12 | packaged by conda-forge | (default, Oct 26 2021, 05:35:01) [MSC v.1916 64 bit (AMD64)]",
        "command_line_arguments": "C:\\Users\\Lenovo\\miniconda3\\envs\\working\\Scripts\\mlagents-learn scr-noclone.yaml --run-id=run-70",
        "mlagents_version": "0.28.0",
        "mlagents_envs_version": "0.28.0",
        "communication_protocol_version": "1.5.0",
        "pytorch_version": "1.7.1+cpu",
        "numpy_version": "1.21.6",
        "end_time_seconds": "1669207197"
    },
    "total": 253.12929610000003,
    "count": 1,
    "self": 0.01332490000001485,
    "children": {
        "run_training.setup": {
            "total": 0.3863064999999999,
            "count": 1,
            "self": 0.3863064999999999
        },
        "TrainerController.start_learning": {
            "total": 252.72966470000003,
            "count": 1,
            "self": 0.2478524000002551,
            "children": {
                "TrainerController._reset_env": {
                    "total": 6.9566219,
                    "count": 1,
                    "self": 6.9566219
                },
                "TrainerController.advance": {
                    "total": 245.42556659999977,
                    "count": 6283,