{
    "name": "root",
    "gauges": {
        "MyBehavior.Policy.Entropy.mean": {
            "value": 1.2709683179855347,
            "min": 1.2709683179855347,
            "max": 1.3475663661956787,
            "count": 29
        },
        "MyBehavior.Policy.Entropy.sum": {
            "value": 63202.7109375,
            "min": 57956.13671875,
            "max": 67983.6640625,
            "count": 29
        },
        "MyBehavior.Environment.EpisodeLength.mean": {
            "value": 126.26515151515152,
            "min": 107.67386609071275,
            "max": 128.77486910994764,
            "count": 29
        },
        "MyBehavior.Environment.EpisodeLength.sum": {
            "value": 50001.0,
            "min": 40405.0,
            "max": 50142.0,
            "count": 29
        },
        "MyBehavior.Step.mean": {
            "value": 3149990.0,
            "min": 1749875.0,
            "max": 3149990.0,
            "count": 29
        },
        "MyBehavior.Step.sum": {
            "value": 3149990.0,
            "min": 1749875.0,
            "max": 3149990.0,
            "count": 29
        },
        "MyBehavior.Policy.ExtrinsicValueEstimate.mean": {
            "value": -0.36415427923202515,
            "min": -1.0886393785476685,
            "max": -0.20643478631973267,
            "count": 29
        },
        "MyBehavior.Policy.ExtrinsicValueEstimate.sum": {
            "value": -264.3760070800781,
            "min": -807.7703857421875,
            "max": -147.39443969726562,
            "count": 29
        },
        "MyBehavior.Policy.CuriosityValueEstimate.mean": {
            "value": 5.319299697875977,
            "min": 5.128784656524658,
            "max": 6.667351722717285,
            "count": 29
        },
        "MyBehavior.Policy.CuriosityValueEstimate.sum": {
            "value": 3861.8115234375,
            "min": 3485.52734375,
            "max": 4974.36767578125,
            "count": 29
        },
        "MyBehavior.Environment.CumulativeReward.mean": {
            "value": 0.8803339478067426,
            "min": -5.992066657785034,
            "max": 1.0081716582896618,
            "count": 29
        },
        "MyBehavior.Environment.CumulativeReward.sum": {
            "value": 348.61224333147004,
            "min": -2774.3268625544706,
            "max": 393.18694673296807,
            "count": 29
        },
        "MyBehavior.Policy.ExtrinsicReward.mean": {
            "value": 0.8803339478067426,
            "min": -5.992066657785034,
            "max": 1.0081716582896618,
            "count": 29
        },
        "MyBehavior.Policy.ExtrinsicReward.sum": {
            "value": 348.61224333147004,
            "min": -2774.3268625544706,
            "max": 393.18694673296807,
            "count": 29
        },
        "MyBehavior.Policy.CuriosityReward.mean": {
            "value": 6.747135375334759,
            "min": 1.3545795623213053,
            "max": 8.451424279332567,
            "count": 29
        },
        "MyBehavior.Policy.CuriosityReward.sum": {
            "value": 2671.8656086325645,
            "min": 438.8837781921029,
            "max": 3727.078107185662,
            "count": 29
        },
        "MyBehavior.Losses.PolicyLoss.mean": {
            "value": 0.021354433127271477,
            "min": 0.021160797150514554,
            "max": 0.029485770200456802,
            "count": 29
        },
        "MyBehavior.Losses.PolicyLoss.sum": {
            "value": 0.021354433127271477,
            "min": 0.021160797150514554,
            "max": 0.05248427337695224,
            "count": 29
        },
        "MyBehavior.Losses.ValueLoss.mean": {
            "value": 3.6943208103378615,
            "min": 3.6943208103378615,
            "max": 9.989701899389427,
            "count": 29
        },
        "MyBehavior.Losses.ValueLoss.sum": {
            "value": 3.6943208103378615,
            "min": 3.6943208103378615,
            "max": 19.979403798778854,
            "count": 29
        },
        "MyBehavior.Policy.LearningRate.mean": {
            "value": 0.0001439665520111667,
            "min": 0.0001439665520111667,
            "max": 0.00021290857903048324,
            "count": 29
        },
        "MyBehavior.Policy.LearningRate.sum": {
            "value": 0.0001439665520111667,
            "min": 0.0001439665520111667,
            "max": 0.0004176094607968667,
            "count": 29
        },
        "MyBehavior.Policy.Epsilon.mean": {
            "value": 0.14798883333333332,
            "min": 0.14798883333333332,
            "max": 0.17096951666666668,
            "count": 29
        },
        "MyBehavior.Policy.Epsilon.sum": {
            "value": 0.14798883333333332,
            "min": 0.14798883333333332,
            "max": 0.3392031333333334,
            "count": 29
        },
        "MyBehavior.Policy.Beta.mean": {
            "value": 0.0024046427833333338,
            "min": 0.0024046427833333338,
            "max": 0.0035513788816666663,
            "count": 29
        },
        "MyBehavior.Policy.Beta.sum": {
            "value": 0.0024046427833333338,
            "min": 0.0024046427833333338,
            "max": 0.0069662363533333355,
            "count": 29
        },
        "MyBehavior.Losses.CuriosityForwardLoss.mean": {
            "value": 0.10363685494909684,
            "min": 0.10363685494909684,
            "max": 0.14691456554767987,
            "count": 29
        },
        "MyBehavior.Losses.CuriosityForwardLoss.sum": {
            "value": 0.10363685494909684,
            "min": 0.10363685494909684,
            "max": 0.29306454436543083,
            "count": 29
        },
        "MyBehavior.Losses.CuriosityInverseLoss.mean": {
            "value": 1.1445956466098626,
            "min": 1.1445956466098626,
            "max": 1.3445565352837243,
            "count": 29
        },
        "MyBehavior.Losses.CuriosityInverseLoss.sum": {
            "value": 1.1445956466098626,
            "min": 1.1445956466098626,
            "max": 2.6891130705674486,
            "count": 29
        },
        "MyBehavior.IsTraining.mean": {
            "value": 1.0,
            "min": 1.0,
            "max": 1.0,
            "count": 29
        },
        "MyBehavior.IsTraining.sum": {
            "value": 1.0,
            "min": 1.0,
            "max": 1.0,
            "count": 29
        }
    },
    "metadata": {
        "timer_format_version": "0.1.0",
        "start_time_seconds": "1669219736",
        "python_version": "3.7.12 | packaged by conda-forge | (default, Oct 26 2021, 05:35:01) [MSC v.1916 64 bit (AMD64)]",
        "command_line_arguments": "C:\\Users\\Lenovo\\miniconda3\\envs\\working\\Scripts\\mlagents-learn scr-noclone.yaml --width=800 --height=600 --run-id=run-77 --resume --env=C:\\Users\\Lenovo\\Desktop\\Csani\\rl\\kocsi\\builds\\kocsi",
        "mlagents_version": "0.28.0",
        "mlagents_envs_version": "0.28.0",
        "communication_protocol_version": "1.5.0",
        "pytorch_version": "1.7.1+cpu",
        "numpy_version": "1.21.6",
        "end_time_seconds": "1669222989"
    },
    "total": 3252.6105165,
    "count": 1,
    "self": 8.467885799999749,
    "children": {
        "run_training.setup": {
            "total": 0.22838860000000016,
            "count": 1,
            "self": 0.22838860000000016
        },
        "TrainerController.start_learning": {
            "total": 3243.9142421,
            "count": 1,
            "self": 2.389420999963022,
            "children": {
                "TrainerController._reset_env": {
                    "total": 56.775993299999996,
                    "count": 1,
                    "self": 56.775993299999996
                },