{
    "name": "root",
    "gauges": {
        "MyBehavior.Policy.Entropy.mean": {
            "value": 1.4365732669830322,
            "min": 1.3367325067520142,
            "max": 1.4365732669830322,
            "count": 21
        },
        "MyBehavior.Policy.Entropy.sum": {
            "value": 72012.546875,
            "min": 66729.6875,
            "max": 72012.546875,
            "count": 21
        },
        "MyBehavior.Environment.EpisodeLength.mean": {
            "value": 162.15857605177993,
            "min": 76.28173374613003,
            "max": 164.6611295681063,
            "count": 21
        },
        "MyBehavior.Environment.EpisodeLength.sum": {
            "value": 50107.0,
            "min": 49084.0,
            "max": 50205.0,
            "count": 21
        },
        "MyBehavior.Step.mean": {
            "value": 1049962.0,
            "min": 49980.0,
            "max": 1049962.0,
            "count": 21
        },
        "MyBehavior.Step.sum": {
            "value": 1049962.0,
            "min": 49980.0,
            "max": 1049962.0,
            "count": 21
        },
        "MyBehavior.Policy.ExtrinsicValueEstimate.mean": {
            "value": -0.11963281035423279,
            "min": -3.0416605472564697,
            "max": -0.004162102937698364,
            "count": 21
        },
        "MyBehavior.Policy.ExtrinsicValueEstimate.sum": {
            "value": -72.49748229980469,
            "min": -1992.2877197265625,
            "max": -2.5097479820251465,
            "count": 21
        },
        "MyBehavior.Policy.CuriosityValueEstimate.mean": {
            "value": 1.3627763986587524,
            "min": 0.05157485976815224,
            "max": 1.3627763986587524,
            "count": 21
        },
        "MyBehavior.Policy.CuriosityValueEstimate.sum": {
            "value": 825.842529296875,
            "min": 41.6724853515625,
            "max": 825.842529296875,
            "count": 21
        },
        "MyBehavior.Environment.CumulativeReward.mean": {
            "value": -0.8308594379284717,
            "min": -24.352682338045664,
            "max": 0.04105591536050916,
            "count": 21
        },
        "MyBehavior.Environment.CumulativeReward.sum": {
            "value": -256.73556631989777,
            "min": -15707.480108039454,
            "max": 12.357830523513258,
            "count": 21
        },
        "MyBehavior.Policy.ExtrinsicReward.mean": {
            "value": -0.8308594379284717,
            "min": -24.352682338045664,
            "max": 0.04105591536050916,
            "count": 21
        },
        "MyBehavior.Policy.ExtrinsicReward.sum": {
            "value": -256.73556631989777,
            "min": -15707.480108039454,
            "max": 12.357830523513258,
            "count": 21
        },
        "MyBehavior.Policy.CuriosityReward.mean": {
            "value": 2.6933445493090886,
            "min": 0.2091005083491174,
            "max": 2.777858553655812,
            "count": 21
        },
        "MyBehavior.Policy.CuriosityReward.sum": {
            "value": 832.2434657365084,
            "min": 134.8698278851807,
            "max": 861.423236913979,
            "count": 21
        },
        "MyBehavior.Losses.PolicyLoss.mean": {
            "value": 0.02331455766761792,
            "min": 0.02164404231249743,
            "max": 0.027569312582879018,
            "count": 21
        },
        "MyBehavior.Losses.PolicyLoss.sum": {
            "value": 0.02331455766761792,
            "min": 0.02164404231249743,
            "max": 0.05217293351840151,
            "count": 21
        },
        "MyBehavior.Losses.ValueLoss.mean": {
            "value": 0.7394267832084248,
            "min": 0.030917180236428976,
            "max": 23.879118184248608,
            "count": 21
        },
        "MyBehavior.Losses.ValueLoss.sum": {
            "value": 0.7394267832084248,
            "min": 0.030917180236428976,
            "max": 23.879118184248608,
            "count": 21
        },
        "MyBehavior.Policy.LearningRate.mean": {
            "value": 0.00024913161695613335,
            "min": 0.00024913161695613335,
            "max": 0.00029835845054718325,
            "count": 21
        },
        "MyBehavior.Policy.LearningRate.sum": {
            "value": 0.00024913161695613335,
            "min": 0.00024913161695613335,
            "max": 0.0005917925027358333,
            "count": 21
        },
        "MyBehavior.Policy.Epsilon.mean": {
            "value": 0.1830438666666667,
            "min": 0.1830438666666667,
            "max": 0.19945281666666667,
            "count": 21
        },
        "MyBehavior.Policy.Epsilon.sum": {
            "value": 0.1830438666666667,
            "min": 0.1830438666666667,
            "max": 0.3972641666666667,
            "count": 21
        },
        "MyBehavior.Policy.Beta.mean": {
            "value": 0.0041538889466666675,
            "min": 0.0041538889466666675,
            "max": 0.004972695551666667,
            "count": 21
        },
        "MyBehavior.Policy.Beta.sum": {
            "value": 0.0041538889466666675,
            "min": 0.0041538889466666675,
            "max": 0.009863481916666667,
            "count": 21
        },
        "MyBehavior.Losses.CuriosityForwardLoss.mean": {
            "value": 0.03234243377422293,
            "min": 0.024113317291873198,
            "max": 0.12195343981147744,
            "count": 21
        },
        "MyBehavior.Losses.CuriosityForwardLoss.sum": {
            "value": 0.03234243377422293,
            "min": 0.024113317291873198,
            "max": 0.12195343981147744,
            "count": 21
        },
        "MyBehavior.Losses.CuriosityInverseLoss.mean": {
            "value": 1.434001298000415,
            "min": 1.239821580549081,
            "max": 1.9855599862833817,
            "count": 21
        },
        "MyBehavior.Losses.CuriosityInverseLoss.sum": {
            "value": 1.434001298000415,
            "min": 1.239821580549081,
            "max": 3.4385700672864914,
            "count": 21
        },
        "MyBehavior.IsTraining.mean": {
            "value": 1.0,
            "min": 1.0,
            "max": 1.0,
            "count": 21
        },
        "MyBehavior.IsTraining.sum": {
            "value": 1.0,
            "min": 1.0,
            "max": 1.0,
            "count": 21
        }
    },
    "metadata": {
        "timer_format_version": "0.1.0",
        "start_time_seconds": "1669207205",
        "python_version": "3.7.12 | packaged by conda-forge | (default, Oct 26 2021, 05:35:01) [MSC v.1916 64 bit (AMD64)]",
        "command_line_arguments": "C:\\Users\\Lenovo\\miniconda3\\envs\\working\\Scripts\\mlagents-learn scr-noclone.yaml --run-id=run-71",
        "mlagents_version": "0.28.0",
        "mlagents_envs_version": "0.28.0",
        "communication_protocol_version": "1.5.0",
        "pytorch_version": "1.7.1+cpu",
        "numpy_version": "1.21.6",
        "end_time_seconds": "1669209684"
    },
    "total": 2478.9837484,
    "count": 1,
    "self": 0.03308169999945676,
    "children": {
        "run_training.setup": {
            "total": 0.2832268,
            "count": 1,
            "self": 0.2832268
        },
        "TrainerController.start_learning": {
            "total": 2478.6674399000003,
            "count": 1,
            "self": 2.589127300011114,
            "children": {
                "TrainerController._reset_env": {
                    "total": 10.3403034,
                    "count": 1,
                    "self": 10.3403034
                },
                "TrainerController.advance": {
                    "total": 2465.6126365999894,
                    "count": 71532,