{
    "name": "root",
    "gauges": {
        "MyBehavior.Policy.Entropy.mean": {
            "value": 1.4152774810791016,
            "min": 1.4134728908538818,
            "max": 1.4153252840042114,
            "count": 3
        },
        "MyBehavior.Policy.Entropy.sum": {
            "value": 70628.0078125,
            "min": 70628.0078125,
            "max": 71943.8125,
            "count": 3
        },
        "MyBehavior.Step.mean": {
            "value": 149887.0,
            "min": 49911.0,
            "max": 149887.0,
            "count": 3
        },
        "MyBehavior.Step.sum": {
            "value": 149887.0,
            "min": 49911.0,
            "max": 149887.0,
            "count": 3
        },
        "MyBehavior.Policy.ExtrinsicValueEstimate.mean": {
            "value": -1.0689281225204468,
            "min": -1.143242359161377,
            "max": -0.9397192597389221,
            "count": 3
        },
        "MyBehavior.Policy.ExtrinsicValueEstimate.sum": {
            "value": -654.1840209960938,
            "min": -693.9481201171875,
            "max": -568.5301513671875,
            "count": 3
        },
        "MyBehavior.Policy.CuriosityValueEstimate.mean": {
            "value": 4.718440055847168,
            "min": 4.351169586181641,
            "max": 4.718440055847168,
            "count": 3
        },
        "MyBehavior.Policy.CuriosityValueEstimate.sum": {
            "value": 2887.685302734375,
            "min": 2632.45751953125,
            "max": 2887.685302734375,
            "count": 3
        },
        "MyBehavior.Environment.EpisodeLength.mean": {
            "value": 153.77018633540374,
            "min": 153.77018633540374,
            "max": 157.54458598726114,
            "count": 3
        },
        "MyBehavior.Environment.EpisodeLength.sum": {
            "value": 49514.0,
            "min": 49469.0,
            "max": 49691.0,
            "count": 3
        },
        "MyBehavior.Environment.CumulativeReward.mean": {
            "value": -9.900178402580714,
            "min": -9.900178402580714,
            "max": -9.061812946727633,
            "count": 3
        },
        "MyBehavior.Environment.CumulativeReward.sum": {
            "value": -3207.6578024361515,
            "min": -3207.6578024361515,
            "max": -2890.718330006115,
            "count": 3
        },
        "MyBehavior.Policy.ExtrinsicReward.mean": {
            "value": -9.900178402580714,
            "min": -9.900178402580714,
            "max": -9.061812946727633,
            "count": 3
        },
        "MyBehavior.Policy.ExtrinsicReward.sum": {
            "value": -3207.6578024361515,
            "min": -3207.6578024361515,
            "max": -2890.718330006115,
            "count": 3
        },
        "MyBehavior.Policy.CuriosityReward.mean": {
            "value": 7.270583731064826,
            "min": 2.543376270468068,
            "max": 7.27775493058665,
            "count": 3
        },
        "MyBehavior.Policy.CuriosityReward.sum": {
            "value": 2355.6691288650036,
            "min": 798.6201489269733,
            "max": 2355.6691288650036,
            "count": 3
        },
        "MyBehavior.Losses.PolicyLoss.mean": {
            "value": 0.02407332647756751,
            "min": 0.020917222512556084,
            "max": 0.02451757903994197,
            "count": 3
        },
        "MyBehavior.Losses.PolicyLoss.sum": {
            "value": 0.02407332647756751,
            "min": 0.020917222512556084,
            "max": 0.04903515807988394,
            "count": 3
        },
        "MyBehavior.Losses.ValueLoss.mean": {
            "value": 2.6397407551606498,
            "min": 1.7129765960077445,
            "max": 2.6397407551606498,
            "count": 3
        },
        "MyBehavior.Losses.ValueLoss.sum": {
            "value": 2.6397407551606498,
            "min": 1.7129765960077445,
            "max": 3.729229295005401,
            "count": 3
        },
        "MyBehavior.Policy.LearningRate.mean": {
            "value": 0.0002934406021864667,
            "min": 0.0002934406021864667,
            "max": 0.0002983601505466166,
            "count": 3
        },
        "MyBehavior.Policy.LearningRate.sum": {
            "value": 0.0002934406021864667,
            "min": 0.0002934406021864667,
            "max": 0.0005918018527327167,
            "count": 3
        },
        "MyBehavior.Policy.Epsilon.mean": {
            "value": 0.19781353333333332,
            "min": 0.19781353333333332,
            "max": 0.19945338333333337,
            "count": 3
        },
        "MyBehavior.Policy.Epsilon.sum": {
            "value": 0.19781353333333332,
            "min": 0.19781353333333332,
            "max": 0.3972672833333334,
            "count": 3
        },
        "MyBehavior.Policy.Beta.mean": {
            "value": 0.0048908953133333325,
            "min": 0.0048908953133333325,
            "max": 0.0049727238283333326,
            "count": 3
        },
        "MyBehavior.Policy.Beta.sum": {
            "value": 0.0048908953133333325,
            "min": 0.0048908953133333325,
            "max": 0.009863637438333335,
            "count": 3
        },
        "MyBehavior.Losses.CuriosityForwardLoss.mean": {
            "value": 0.10386749426834285,
            "min": 0.09271485614590347,
            "max": 0.10712494902933638,
            "count": 3
        },
        "MyBehavior.Losses.CuriosityForwardLoss.sum": {
            "value": 0.10386749426834285,
            "min": 0.10386749426834285,
            "max": 0.18542971229180694,
            "count": 3
        },
        "MyBehavior.Losses.CuriosityInverseLoss.mean": {
            "value": 1.5302871105571587,
            "min": 1.4858760827531419,
            "max": 1.5302871105571587,
            "count": 3
        },
        "MyBehavior.Losses.CuriosityInverseLoss.sum": {
            "value": 1.5302871105571587,
            "min": 1.523061988254388,
            "max": 2.9717521655062837,
            "count": 3
        },
        "MyBehavior.IsTraining.mean": {
            "value": 1.0,
            "min": 1.0,
            "max": 1.0,
            "count": 3
        },
        "MyBehavior.IsTraining.sum": {
            "value": 1.0,
            "min": 1.0,
            "max": 1.0,
            "count": 3
        }
    },
    "metadata": {
        "timer_format_version": "0.1.0",
        "start_time_seconds": "1669213971",
        "python_version": "3.7.12 | packaged by conda-forge | (default, Oct 26 2021, 05:35:01) [MSC v.1916 64 bit (AMD64)]",
        "command_line_arguments": "C:\\Users\\Lenovo\\miniconda3\\envs\\working\\Scripts\\mlagents-learn scr-noclone.yaml --run-id=run-76 --initialize-from=run-74",
        "mlagents_version": "0.28.0",
        "mlagents_envs_version": "0.28.0",
        "communication_protocol_version": "1.5.0",
        "pytorch_version": "1.7.1+cpu",
        "numpy_version": "1.21.6",
        "end_time_seconds": "1669214494"
    },
    "total": 523.8027298999999,
    "count": 1,
    "self": 0.03818209999985811,
    "children": {
        "run_training.setup": {
            "total": 0.4583913000000006,
            "count": 1,
            "self": 0.4583913000000006
        },
        "TrainerController.start_learning": {
            "total": 523.3061565,
            "count": 1,
            "self": 1.5288351999976157,
            "children": {
                "TrainerController._reset_env": {
                    "total": 33.6276828,
                    "count": 1,
                    "self": 33.6276828
                },
                "TrainerController.advance": {
                    "total": 487.9030347000023,
                    "count": 13278,