{
    "name": "root",
    "metadata": {
        "timer_format_version": "0.1.0",
        "start_time_seconds": "1669209690",
        "python_version": "3.7.12 | packaged by conda-forge | (default, Oct 26 2021, 05:35:01) [MSC v.1916 64 bit (AMD64)]",
        "command_line_arguments": "C:\\Users\\Lenovo\\miniconda3\\envs\\working\\Scripts\\mlagents-learn scr-noclone.yaml --run-id=run-72",
        "mlagents_version": "0.28.0",
        "mlagents_envs_version": "0.28.0",
        "communication_protocol_version": "1.5.0",
        "pytorch_version": "1.7.1+cpu",
        "numpy_version": "1.21.6",
        "end_time_seconds": "1669209748"
    },
    "total": 57.438497500000004,
    "count": 1,
    "self": 0.012488300000008223,
    "children": {
        "run_training.setup": {
            "total": 0.23278810000000005,
            "count": 1,
            "self": 0.23278810000000005
        },
        "TrainerController.start_learning": {
            "total": 57.193221099999995,
            "count": 1,
            "self": 0.017974399999999946,
            "children": {
                "TrainerController._reset_env": {
                    "total": 10.7806438,
                    "count": 1,
                    "self": 10.7806438
                },
                "TrainerController.advance": {
                    "total": 46.125503,
                    "count": 1,
                    "self": 2.420000000569189e-05,
                    "children": {
                        "env_step": {
                            "total": 46.125478799999996,
                            "count": 1,
                            "self": 46.1254681,
                            "children": {
                                "SubprocessEnvManager._take_step": {
                                    "total": 1.0699999998919907e-05,
                                    "count": 1,
                                    "self": 1.0699999998919907e-05
                                }
                            }
                        }
                    }
                },
                "trainer_threads": {
                    "total": 3.129999999629263e-05,
                    "count": 1,
                    "self": 3.129999999629263e-05,
                    "children": {
                        "thread_root": {
                            "total": 0.0,
                            "count": 0,
                            "is_parallel": true,
                            "self": 0.0,
                            "children": {
                                "trainer_advance": {
                                    "total": 46.02616860000024,
                                    "count": 2949,
                                    "is_parallel": true,
                                    "self": 0.26461340000008704,
                                    "children": {
                                        "process_trajectory": {
                                            "total": 45.76155520000015,
                                            "count": 2949,
                                            "is_parallel": true,
                                            "self": 45.76155520000015
                                        }
                                    }
                                }
                            }
                        }
                    }
                },
                "TrainerController._save_models": {
                    "total": 0.2690685999999971,
                    "count": 1,
                    "self": 0.11397199999999685,
                    "children": {
                        "RLTrainer._checkpoint": {
                            "total": 0.15509660000000025,
                            "count": 1,
                            "self": 0.15509660000000025
                        }
                    }
                }
            }
        }
    }
}